greet_dotnet_name,greet_dotnet_id
Pathway Distributed - U.S. Mix,ID=5555
Pathway NA NG from Shale and Conventional Recovery as Stationary Fuels,ID=1
Mix Crude Oil for Use in U.S. Refineries,ID=0
Pathway Gasoline Blendstock from Crude Oil for Use in US Refineries,ID=37
Pathway Reformulated Gasoline (E10) Blending and Transportation to Refueling Station,ID=57
Pathway Residual Oil (Petroleum) from Crude Oil,ID=60
Pathway Conventional Diesel from Crude Oil for US Refineries,ID=40
Pathway Low-Sulfur Diesel from Crude Oil,ID=61
Pathway Ethanol Production from Corn,ID=51207813
Pathway Refueling Stations: Compressed G.H2 from Natural Gas (w/o CO2 sequestration),ID=45
Pathway Crude Oil for Use in CA Refineries,ID=340
Pathway Gasoline Blendstock from Crude Oil for Use in CA Refineries,ID=58
Pathway Liquefied Petroleum Gas from Crude Oil,ID=92
Pathway Crude Naphtha from Crude Oil,ID=62
Pathway Crude Naphtha to Oil Sands,ID=57505895
Pathway Pet Coke from Crude for Use in U.S. Refineries,ID=30102894
Pathway Gasoline Blendstock from Crude Oil for Use in Chile,ID=117804794
Pathway Liquefied Petroleum Gas from Crude Oil for use in Chile,ID=117804321
Pathway Residual Oil (Petroleum) from Crude Oil in Chile,ID=83413299
Pathway Conventional Diesel Chile Refineries,ID=82832462
Pathway Unfinished Oil from Crude Oil for US CG refineries,ID=57498534
Pathway Heavy Butane from Crude Oil for use in US Refineries ,ID=57426731
Pathway Heavy Blendstock from Crude Oil for Use in US Refineries ,ID=57426609
Pathway Conventional Jet Fuel from Crude Oil,ID=150
Pathway Ultra Low-Sulfur Jet Fuel from Crude Oil,ID=4184480
Pathway Low Octane Gasoline-Like Fuel from Crude Oil,ID=150469837
Pathway Soybean Meal from Soybeans (for other uses) with soy oil mass allocation,ID=84119146
Pathway Distributed - ASCC Mix,ID=59745155
Pathway Distributed - FRCC Mix,ID=59745212
Pathway Distributed - HICC Mix,ID=59745245
Pathway Distributed - MRO Mix,ID=59745265
Pathway Distributed - NPCC Mix,ID=59745284
Pathway Distributed - RFC Mix,ID=59745303
Pathway Distributed - SERC Mix,ID=59745323
Pathway Distributed - SPP Mix,ID=59745338
Pathway Distributed - TRE Mix,ID=59745355
Pathway Distributed - WECC Mix,ID=59745377
Pathway Ethanol Production from Corn Stover,ID=8711
Pathway Ethanol Production from Corn and Corn stover (combined gallon),ID=54466196
Pathway Ethanol Production from Miscanthus,ID=140
Pathway Ethanol Production from Poplar,ID=24248753
Pathway Ethanol Production from Sorghum,ID=20109854
Pathway Bio-Ethylene glycol process pathway,ID=177166689
Pathway Terephthalic acid (TPA) production pathway,ID=177240691
Pathway Ethanol Production from Switchgrass,ID=8710
Pathway Ethanol Production from Willow,ID=31936639
Pathway Ethanol Production from Sugarcane,ID=20282
Pathway Biodiesel Production from Soybeans,ID=2020
Pathway Carinata Oil-based Sustainable Aviation Fuel (SAF) through Hydroprocessed Esters and Fatty Acids (HEFA),ID=181477345
Pathway Camelina Oil-based Sustainable Aviation Fuel (SAF) through Hydroprocessed Esters and Fatty Acids (HEFA),ID=21215991
Pathway Lithium cobalt oxide (hydrothermal route),ID=56734997
Pathway Distributed - China Mix,ID=86282179
Pathway Refined CoCl2 Production - Mass Allocation,ID=182110899
Pathway Refined CoSO4 Production - Mass Allocation,ID=182110788
Pathway Refined Metallic Cobalt Production - Mass Allocation,ID=182109769
Pathway Refined Co3O4 Production - Mass Allocation,ID=182111003
Pathway Refined CoO Production - Mass Allocation,ID=182111102
Pathway Production of LiNCA,ID=119805160
Pathway Production of NMC(811),ID=151703211
Pathway Production of NMC(111),ID=151698950
Pathway Production of lithium cobalt oxide (solid state),ID=56731774
Pathway Production of NMC(442),ID=56721731
Pathway Production of NMC(622),ID=151700481
Pathway Production of LMR-NMC,ID=56731166
Pathway Production of Cobalt Nitrate,ID=54917594
Pathway Compressed G.H2 as Byproduct from NGL Cracker plants - Substitution with NG,ID=182683943
Mix Ethylene U.S. average production,ID=246076117
Pathway Ethylene Carbonate Production (Battery Materials),ID=30538192
Pathway Dimethyl Carbonate Production (Battery Materials),ID=30538210
Pathway Lithium iron phosphate (solid state),ID=56725790
Pathway Combined Algae Processing (CAP) for Renewable Diesel III,ID=183737736
Pathway Algae Hydrothermal liquefaction (HTL) for Renewable Diesel III,ID=183832136
Pathway Polylactic acid (PLA) pathway,ID=206541755
Pathway Bio-derived PET production process  via Bio-TPA and Bio-EG,ID=205681114
Pathway Distributed - Japan Electricity mix,ID=209584424
Pathway Distributed - Korean Electricity mix,ID=209583815
Pathway Distributed - European Electricity mix,ID=209583934
Pathway Distributed - Coal Electricity mix,ID=209584009
Pathway Distributed - Alumina Reduction Mix (Aluminum Smelting),ID=283359450
Pathway Distributed - Hydro Electricity mix,ID=209584044
Pathway Distributed - Wind Electricity mix,ID=209584089
Pathway Propane from Crude Oil,ID=210949651
Pathway Low-Sulfur Diesel Production California,ID=610
Pathway CA Reformulated Gasoline (E10) to Refueling Station,ID=54387629
Pathway Asphalt from Crude Oil for use in US Refineries ,ID=211464119
Pathway Propylene from Crude Oil for use in US Refineries ,ID=211481610
Pathway Central Plants: Compressed G.H2 production from Natural Gas,ID=28
Mix Dimethyl Ether Production,ID=4200
Mix Combined Upstream - Methanol,ID=2
Pathway Compressed G.H2 Combined for Medium- and Heavy-Duty Vehicles (MHDV),ID=150072970
Pathway Compressed G.H2 Combined for Light-Duty Vehicles,ID=212761042
Pathway Central Plants: L.H2 production from Natural Gas,ID=47
Pathway Hide: Refueling Stations: L.H2 from NA Natural Gas (w/o CO2 sequestration),ID=53
Pathway Liquid H2 Combined,ID=212760169
Pathway Central Plants: Compressed G.H2 production from PEM Electrolysis - Solar (or Wind),ID=31
Pathway Central Plants: Compressed G.H2 production from Nuclear Energy (Thermo-Chemical Cracking of Water),ID=32
Pathway Central Plants: Compressed G.H2 production from Electrolysis with HTGR ,ID=118505658
Pathway Central Plants: Compressed G.H2 production from Coal,ID=43
Pathway Production of lithium iron phosphate (hydrothermal),ID=56725561
Pathway Production of Nickel Sulfate from Class I Nickel,ID=56320368
Pathway Average Lithium Hydroxide (LiOH),ID=213450837
Pathway Integrated Corn/Stover Ethanol (Associated with Corn Ethanol),ID=82545215
Pathway Integrated Corn/Stover Ethanol (Associated with Corn Stover Ethanol),ID=82549180
Pathway Cement Production (US National Average),ID=214998162
Pathway Concrete Production,ID=29422449
Pathway Residual Oil (Petroleum) from Crude Oil for Use as a Marine Fuel (Heavy Fuel Oil [HFO] 2.7%S),ID=57239968
Pathway Residual Oil (Petroleum) from Crude Oil for Use as a Marine Fuel (Heavy Fuel Oil [HFO] 0.5%%S),ID=215265709
Pathway Residual Oil (Petroleum) from Crude Oil for Use as a Marine Fuel (Heavy Fuel Oil [HFO] 0.1%%S),ID=215273415
Pathway MDO (1.92% S) production from HFO (2.7% S) and MGO (1.0% S),ID=215275508
Pathway MDO (0.5% S) production from HFO (0.5% S) and MGO (0.5% S),ID=215275802
Pathway MDO (0.1% S) production from HFO (0.1% S) and MGO (0.1% S),ID=215276174
Pathway Residual Oil (Petroleum) from Crude Oil for Use as a Marine Fuel (Marine Gas Oil [MGO] 1.0%%S),ID=215273762
Pathway Residual Oil (Petroleum) from Crude Oil for Use as a Marine Fuel (MGO 0.5%S),ID=215274365
Pathway Residual Oil (Petroleum) from Crude Oil for Use as a Marine Fuel (Marine Gas Oil [MGO] 0.1%S),ID=215274723
Pathway Fischer-Tropsch Marine Diesel from Natural Gas,ID=215320511
Pathway Fischer-Tropsch Marine Diesel from Biomass/Coal,ID=215346073
Pathway Renewable Diesel II (Marine) from Yellow Grease and HFO,ID=215281664
Pathway Fischer-Tropsch Marine Diesel from Biomass/Natural Gas,ID=215340874
Pathway Pyrolysis Oil (Marine Application) from Woody Biomass,ID=215306495
Pathway Fischer-Tropsch Marine Diesel from Forest Residue,ID=215314389
Pathway Renewable Diesel II (Marine) from Yellow Grease,ID=215280336
Pathway Poultry Farming Pathway ,ID=240510610
Pathway Swine farming Pathway ,ID=240067251
Pathway Renewable Fuels via CFP (2019 SOT),ID=241308149
Pathway Renewable Fuels via CFP (2022 design),ID=183428047
Pathway High octane gasoline via IDL (2019 SOT),ID=241284085
Pathway High octane gasoline via IDL (2022 design),ID=183308342
Pathway Algae Hydrothermal liquefaction (HTL) for Renewable Diesel (SCSA),ID=306514553
Pathway Combined Algae Processing (CAP) for Renewable Diesel (SCSA),ID=306515800
Pathway PFAD to Renewable Diesel II,ID=242576514
Pathway Ethanol Production from CO2 from Biorefineries (E-fuel,ID=243611151
Pathway FT Fuel Production with RWGS,ID=242829992
Pathway Hide: FT Fuel mix without H2 Recycle,ID=243010750
Pathway Methanol Production with RWGS,ID=243186540
Pathway Hide: Methanol Production without H2 recycle,ID=243448546
Pathway Compressed G.H2 as Byproduct from NGL Cracker plants - Scenario B,ID=245424810
Mix Propylene U.S. average production,ID=246076303
Mix Benzene U.S. average production,ID=246076405
Pathway Production of syngas from Coal,ID=57425997
Pathway Ethylene oxide fossil-based production,ID=246187280
Pathway Production of TPAOH,ID=55422452
Pathway Production of Dimethyl Ether of Polyethylene Glycol ,ID=55702215
Pathway Propylene Oxide Production Pathway,ID=57427014
Pathway Acrylic Acid  from Fossil Energy,ID=57428054
Pathway Isobutanol from Fossil Energy (with Syngas from Coal),ID=57430245
Pathway Isobutanol from Fossil Energy (with Syngas from Natural Gas),ID=57430333
Pathway Cyclohexane Production Pathway,ID=57434023
Pathway Distributed - Chile Mix in 2020,ID=83414466
Pathway Distributed - Electricity Mix for Lithium from Brine,ID=246114444
Pathway Lime Production for Lithium from Brine,ID=246115288
Pathway Lithium Carbonate Production in Chile,ID=246142883
Pathway Production of Lithium Hydroxide (LiOH) from Chile,ID=246143662
Pathway Spodumene Production from Ore,ID=246127477
Pathway Lithium Carbonate Produced from Lithium from Ore,ID=246139181
Pathway Lithium HydroxideProduced from Lithium from Ore,ID=246142091
Pathway Average Lithium Carbonate ,ID=55601685
Pathway Ammonia Production,ID=2001
Pathway Phosphoric acid (per ton of P2O5 product) Production,ID=2007
Pathway Lactic acid production from sludge via arrested anaerobic digestion,ID=246540821
Pathway Lactic acid production from food waste via arrested anaerobic digestion,ID=246556621
Pathway Lactic acid production from swine manure via arrested anaerobic digestion,ID=246560051
Pathway Lactic acid production from fats,ID=246560971
Mix Non Distributed - Papua New Guinea Mix for Ni Production,ID=246839307
Pathway Virgin Class I Nickel Production from Sulfidic Ores,ID=29006971
Pathway Production of Nickel Sulfate from MHP,ID=246843963
Mix Nickel Sulfate Production Mix,ID=246847350
Pathway Powertrain System (ICEV) Passenger Cars Type 1: Conventional Material,ID=66408643
Pathway Passenger Cars Type 1 Vehicle Body (HEV,ID=66408450
Mix Pyrolysis Gasoline U.S. average production,ID=271956964
Pathway Ethylene Glycol Production Pathway,ID=26658813
Pathway Carbon Monoxide Production Pathway,ID=272058701
Pathway Mixed Xylenes Production Pathway,ID=272059332
Pathway Paraxylene Production Pathway,ID=272061904
Pathway Purified Terephthalic Acid (PTA) Production Pathway,ID=272064077
Pathway Aluminum Sulfate (Liquid) Production Pathway,ID=272112628
Pathway Ferric Chloride Production Pathway,ID=272114635
Pathway Defoamant Production Pathway,ID=272115996
Pathway Dimethyl Terephthalate (DMT) Production Pathway,ID=272119939
Pathway High-Density Polyethylene (HDPE) Resin Production,ID=272559743
Pathway Low-Density Polyethylene (LDPE) Resin Production,ID=272560588
Pathway Polypropylene (PP) Resin Production,ID=272561406
Pathway Polyethylene Terephthalate (PET) Resin Production (PTA+EG route),ID=272637169
Pathway Polyethylene Terephthalate (PET) Resin Production (DMT+EG route),ID=272637892
Mix Polyethylene Terephthalate (PET) Resin: Combined Production,ID=272638496
Pathway Yellow Grease to HEFA,ID=272627855
Pathway Renewable diesel from swine manure HTL,ID=272635190
Pathway Renewable Diesel from Sludge Hydrothermal Liquefaction with NH3 removal (2020 SOT),ID=272586644
Pathway Renewable Diesel from Sludge Hydrothermal Liquefaction without NH3 removal (2020 SOT),ID=272586691
Pathway High octane gasoline via IDL (2020 SOT),ID=272654918
Pathway Renewable Fuels via CFP (2020 SOT),ID=272672510
Pathway Biochemical conversion of sugars to hydrocarbons (via BDO) - mass-based process allocation,ID=306516045
Pathway Corn Production for Biofuel Refinery,ID=2016
Pathway Corn Stover for Ethanol Plant,ID=871
Pathway Willow Production for Ethanol Plant,ID=31932377
Pathway Poplar Farming and Transportation,ID=215308096
Pathway Miscanthus Production for Ethanol plant,ID=139
Pathway Switchgrass Production for Ethanol Plant,ID=87
Pathway Sugarcane Production for Brazil Ethanol Plant,ID=9649500
Pathway Grain sorghum Production for Ethanol plant,ID=20109095
Pathway Sweet sorghum Production for Ethanol Plant (Conventional) (wet tonne) ,ID=20179506
Pathway Forage Sorghum Production for Ethanol Plant,ID=20185412
Pathway Soybean Production,ID=2018
Pathway Wheat straw production pathway,ID=272632914
Pathway Polyethylene furanoate (PEF) production: EtOH pretreatment + enzymatic hydrolysis,ID=272634613
Pathway Polyethylene furanoate (PEF) production: MeOH pretreatment + Methanolysis,ID=272636212
Pathway Polyethylene furanoate (PEF) production: Furanosolv pretreatment and hydrolysis,ID=272636943
Pathway Acrylonitrile Production,ID=273190128
Pathway  Methyl Methacrylate Production,ID=273190179
Pathway Polyacrylonitrile Production,ID=273190654
Pathway Carbon Fiber Production,ID=29092956
Pathway Forest residues to bioelectricity (Washington),ID=273861335
Pathway Forest residues to bioelectricity (Maine),ID=274055139
Pathway Forest residues to bioelectricity (North Carolina),ID=274297286
Pathway Poplar Production for Both Ethanol and HOG,ID=24247191
Pathway Production and transportation of Manganese Oxide (Mn2O),ID=56823919
Pathway Production of NMC(532),ID=245430352
Pathway Production of Manganese Sulfate,ID=56321316
Pathway Production of Direct Manganese,ID=274964313
Pathway Electrolytic Manganese Metal (EMM),ID=274966480
Mix Final Manganese,ID=274966890
Pathway Canola Production,ID=125
Pathway Renewable Diesel II from Soybeans,ID=2022
Pathway Tallow Biodiesel,ID=147886395
Pathway UCO Biodiesel,ID=276283662
Pathway Renewable Diesel II from UCO,ID=276283899
Pathway Palm FFB for Biodiesel Plant,ID=124
Pathway Jatropha Farming for Biodiesel Plant,ID=126
Pathway Camelina Farming for Biodiesel Plant,ID=127
Pathway Carinata Farming for Biodiesel Plant,ID=181477390
Pathway Ethanol Production from Corn Grain Fiber (Marginal),ID=148659595
Pathway Ethanol Production from Corn Grain Starch and Fiber (Combioned Gallon),ID=148656550
Pathway Steel Production,ID=55614252
Pathway Stainless Steel Production,ID=55950625
Pathway Iron Ore Production,ID=28807373
Pathway Steel Production DRI_100% NG,ID=275159837
Pathway Steel Production DRI_83% H2,ID=275163329
Pathway Steel Production FIT 100% H2,ID=275164418
Mix Steel Production DRI NG EAF Mix,ID=275162375
Mix Steel Production DRI83%H2 EAF Mix,ID=275164031
Mix Steel Production from FIT100%H2 EAF Mix,ID=275165107
Pathway Ethanol Production from Forest Residue,ID=20261
Pathway Brake Fluid Fabrication,ID=35039747
Pathway MHDV: Coolant Cleaner Production - Pathway,ID=277249084
Pathway MHDV: Drive Axle Lubricant Production - Pathway,ID=277251913
Pathway MHDV: Drive Axle Wheel-End Lubricant Production - Pathway,ID=277250452
Pathway MHDV: Inter-axle/Drive-shaft Lubricant Production - Pathway,ID=277250805
Pathway Power Steering Oil Fabrication,ID=35039715
Pathway MHDV: Steer Axle Lubricant Production - Pathway,ID=277248833
Pathway MHDV: Steer Axle Wheel-end Lubricant Production - Pathway,ID=277252028
Pathway MHDV: Trailer - Drive Axle Lubricant Production - Pathway,ID=277250351
Pathway MHDV: Trailer - Drive Axle Wheel-end Lubricant Production - Pathway,ID=277249472
Pathway Transmission Fluid Fabrication,ID=35039765
Pathway Windshield Fluid (Methanol) Production and Use,ID=30108742
Pathway MHDV Combination Long-Haul Truck - Trailer Assembly,ID=277577638
Pathway MHDV: Combination Long-Haul Truck - Chassis - Pathway,ID=277251192
Pathway MHDV: Combination Long-Haul Truck - CIDI Diesel - Powertrain - Pathway,ID=277251994
Pathway MHDV: Combination Long-Haul Truck - Electric - Electronic Controller - Pathway,ID=277249630
Pathway MHDV: Combination Long-Haul Truck - Electric - Traction Motor - Pathway,ID=277250959
Pathway MHDV: Combination Long-Haul Truck - Fuel-Cell G.H2 - Electronic Controller - Pathway,ID=277248773
Pathway MHDV: Combination Long-Haul Truck - Fuel-Cell G.H2 - Fuel-Cell Onboard Storage - Pathway,ID=277251956
Pathway MHDV: Combination Long-Haul Truck - Fuel-Cell G.H2 - Powertrain - Pathway,ID=277252063
Pathway MHDV: Combination Long-Haul Truck - Fuel-Cell G.H2 - Traction Motor - Pathway,ID=277251476
Pathway MHDV: Combination Long-Haul Truck - Grid-Independent Hybrid (Diesel) - Electronic Controller - Pathway,ID=277249856
Pathway MHDV: Combination Long-Haul Truck - Grid-Independent Hybrid (Diesel) - Powertrain - Pathway,ID=277248905
Pathway MHDV: Combination Long-Haul Truck - Grid-Independent Hybrid (Diesel) - Traction Motor - Pathway,ID=277250069
Pathway MHDV: Combination Long-Haul Truck - Trailer Auxiliary - Pathway,ID=277247462
Pathway MHDV: Combination Long-Haul Truck - Trailer Body - Pathway,ID=277247304
Pathway MHDV: Combination Long-Haul Truck - Trailer Chassis - Pathway,ID=277247361
Pathway MHDV: Combination Long-Haul Truck - Transmission - Pathway,ID=277250274
Pathway MHDV: Combination Long-Haul Truck - Vehicle Assembly,ID=277576731
Pathway MHDV: Combination Long-Haul Truck - Vehicle Body (ICEV,ID=277248498
Pathway Final Shape Cast Virgin Aluminum Product: Combined,ID=29068180
Pathway Final Shape Cast Recycled Aluminum Product: Combined,ID=34958636
Mix Average Cast Aluminum,ID=34958676
Pathway Aluminium Oxide Production,ID=86132256
Pathway Gamma Alumina ,ID=84543881
Pathway Zircon Sand (ZrSiO4) Production,ID=260457870
Pathway Coke From Coal Production for Steel manufacturing,ID=28831398
Pathway Central Plants: Compressed G.H2 production  from Biomass ,ID=4402
Pathway Central Plants: Compressed G.H2 production from Coke Oven Gas ,ID=44
Pathway Central Plants: Compressed G.H2 production from Dark Fermentation and MEC (Energy/H2 recovery),ID=118505432
Pathway Central Plants: Compressed G.H2 production from Pet Coke,ID=901
Pathway Central Plants: Compressed G.H2 production from SOEC Electrolysis (Nuclear LWR),ID=298134529
Pathway Central Plants: Compressed G.H2 production from Chlorine plants,ID=298135428
Pathway Refueling Stations: Compressed G.H2 from Electricity,ID=64
Pathway Hide: Refueling Stations: Compressed G.H2 from Ethanol,ID=461
Pathway Hide: Refueling Stations: Compressed G.H2 from Methanol,ID=46
Pathway Central Plants: L.H2 production from High Temperature Eletrolysis with SOEC,ID=49
Pathway Central Plants: L.H2 production from Biomass,ID=44033
Pathway Central Plants: L.H2 production from Coal,ID=52
Pathway Central Plants: L.H2 production from Coke Oven Gas,ID=51
Pathway Central Plants: L.H2 production from Electrolysis (HTGR),ID=50
Pathway Central Plants: L.H2 production  from PEM Electrolysis - Solar (or Wind),ID=48
Pathway Central Plants: L.H2 production from Nuclear Energy (Thermo-Chemical Cracking of Water),ID=278901863
Pathway Central Plants: Compressed G.H2 production from NGL Cracker plants - Substitution with NG,ID=302379103
Pathway Central Plants: L.H2 production from Dark Fermentation and MEC (Energy/H2 recovery),ID=302574824
Pathway Central Plants: L.H2 production from Chlorine Plants,ID=302573684
Pathway Central Plants: L.H2 production from NGL Cracker Plants,ID=302574248
Pathway Graphite Production (Battery Materials),ID=30538102
Pathway Natural Graphite Production - Pathway,ID=305917852
Pathway Hydrogen Fluoride Production - Pathway,ID=305913802
Pathway Fluorspar production ,ID=305989603
Pathway Ammonium Nitrate Production,ID=2004
Pathway Hydrofluoric acid production - Pathway,ID=305913915
Pathway Hydrochloric Acid Production in U.S.,ID=23907735
Pathway Nitric Acid Production,ID=2003
Pathway Nitrogen Gas Production Pathway ,ID=85853317
Pathway Lime Production from LimeStone,ID=28833949
Pathway Distributed - South Africa for PGM Production,ID=259870747
Pathway Distributed - Australia Mix,ID=86289268
Pathway Distributed - Brazil Mix,ID=86442173
Pathway Distributed - Canada Mix,ID=86289750
Pathway Distributed - Finland Mix,ID=86289821
Pathway Distributed - Norway Mix,ID=86290047
Pathway Distributed - Russia Mix,ID=86290112
Pathway Distributed - Congo Mix for Co Production,ID=182106619
Pathway Distributed - Singapore Electricity mix,ID=241789230
Pathway Distributed - Indonesia Electricity mix,ID=241824282
Pathway Distributed - Argentina Mix,ID=306151717
Pathway Distributed - Bahrain Mix,ID=306151781
Pathway Distributed - UAE Mix,ID=306151816
Pathway Distributed - Venezuela Mix,ID=306151858
Pathway Distributed - World Average Mix,ID=306151885
Pathway Distributed - France Mix,ID=306151910
Pathway Distributed - Germany Mix,ID=306151936
Pathway Distributed - India Mix,ID=306151961
Pathway Distributed - Jamaica Mix,ID=306151988
Pathway Distributed - Kazakhstan Mix,ID=306152309
Pathway Distributed - Poland Mix,ID=306152335
Pathway Distributed - Ukraine Mix,ID=306152359
Pathway High octane gasoline via IDL (2021 SOT),ID=306090266
Pathway Non Distributed - Geothermal Electricity Production,ID=57424975
Pathway Non Distributed - Wind Power Generation,ID=53198718
Pathway Other Purpose - Solar Power Plant,ID=39
Pathway Renewable Diesel from Sludge Hydrothermal Liquefaction with NH3 removal (2021 SOT),ID=306173429
Pathway Renewable Diesel from Sludge Hydrothermal Liquefaction without NH3 removal (2021 SOT),ID=306172512
Mix Electricity from solar PV system,ID=297265620
Pathway Electricity delivered from grid-connected PV system (without battery storage),ID=297265481
Mix Non Distributed - Electricity from wind turbine,ID=297018717
Pathway Electricity from hydroelectric dam,ID=291398731
Pathway Nuclear power plant construction,ID=292415228
Pathway Non Distributed - Oil-Fired Power Generation,ID=29688220
Pathway Non Distributed - Coal-Fired Power Generation,ID=70
Pathway Non Distributed - Natural Gas-Fired Power Generation,ID=67
Pathway Non Distributed - Nuclear Power Generation,ID=53277245
Pathway Non Distributed - Biomass Power Generation,ID=53602096
Pathway Non Distributed - Hydroelectric Power Generation,ID=7011
Pathway Brazil Nitrogen from Ammonia,ID=9720594
Pathway Brazil Nitrogen from Urea ,ID=9720776
Pathway Brazil Nitrogen from Ammonium Nitrate,ID=9720757
Pathway FT Fuel Production - Nuclear,ID=309487981
Pathway Plastic to high quality liquid (PTHQL) feedstock Production,ID=150654424
Pathway Conversion Process PUP-Derived Pyrolysis oil in Nth-plants. Energy Allocation,ID=308825156
Pathway Conversion Process PUP-Derived ULSD in Nth-plants. Energy Allocation,ID=308410921
Pathway CO2 capture and pipeline delivery,ID=309431692
Pathway Production of ZSM-5,ID=55428127
Pathway Production of ZSM-5 catalyst,ID=55704668
Pathway Sorbitol production pathway from Glucose,ID=307107652
Pathway Wastewater sludge to PLA production pathway,ID=307108337
Pathway Food waste to PLA production pathway,ID=307114276
Pathway Swine manure to PLA production pathway ,ID=307115954
Pathway Polyethylene Bioproduct from Ethylene (Corn Stover),ID=55678820
Pathway Polybutylene Terephthalate (PBT) Production - Pathway,ID=308763864
Pathway Paint Production - Pathway,ID=308950377
Pathway LDVs - Cars - EV - Traction Motor - Pathway,ID=308788219
Pathway LDVs - Cars - FCV - Traction Motor - Pathway,ID=308788280
Pathway LDVs - Cars - HEV - Traction Motor - Pathway,ID=67517567
Pathway LDVs - Cars - PHEV - Traction Motor -  Pathway,ID=308788180
Pathway LDVs - Cars - EV - Electronic Controller (HEV,ID=308788872
Pathway LDVs - Cars - FCV - Electronic Controller (HEV,ID=308788893
Pathway LDVs - Cars - HEV - Electronic Controller (HEV,ID=67515886
Pathway LDVs - Cars - PHEV - Electronic Controller (HEV,ID=308788835
Pathway Refractory Production - Pathway,ID=308924307
Pathway Alloying elements ,ID=308941519
Pathway Concentrated Dross & Salt Lake Recycling - Pathway,ID=308950648
Pathway Argon Production - Pathway,ID=308421336
Pathway Hydraulic Oil Production - Pathway,ID=308927018
Pathway Cryolite Production - Pathway,ID=308950356
Pathway Lubricant Production - Pathway,ID=308927112
Pathway Solvent Production - Pathway,ID=308927346
Pathway Rolling oil additive - Pathway,ID=308927414
Pathway Alumina Trihydrate Production - Pathway,ID=308921701
Pathway Magnesite Production - Pathway,ID=308923397
Pathway Ordinary Dead Burned Magnesia (ODBM) Production - Pathway,ID=308923838
Pathway Fused Magnesia (FM) Production - Pathway,ID=308923993
Pathway Recycled Wrought Automotive Aluminum Extrusion,ID=34963429
Pathway Recycled Wrought Automotive Aluminum Sheet - Cold Rolling and Stamping,ID=34963580
Pathway Recycled Wrought Non-Automotive Aluminum Extrusion,ID=308963412
Pathway Recycled Wrought Non-Automotive Aluminum Foil - Cold Rolling ,ID=308963300
Pathway Recycled Wrought Non-Automotive Aluminum Sheet - Cold Rolling,ID=308963273
Pathway Virgin Wrought Automotive Aluminium Extruded,ID=34963012
Pathway Virgin Wrought Automotive Aluminium Cold Rolling and Stamping,ID=34963108
Pathway Virgin Wrought Non-Automotive Aluminium Extruded,ID=308961051
Pathway Virgin Wrought Non-Automotive Aluminium Foil - Cold Rolling,ID=308961853
Pathway Virgin Wrought Non-Automotive Aluminium Sheet - Cold Rolling,ID=308961792
Pathway US: Primary Ingot Casting Aluminum Production - Pathway,ID=283360109
Pathway Plastic Packaging Production - Pathway,ID=308927257
Pathway APAC: primary ingot casting aluminum production ,ID=283430799
Pathway CHINA: primary ingot casting aluminum production ,ID=293642865
Pathway Metallurgical grade silicon,ID=84625606
Pathway High Purity Silicon,ID=84625528
Pathway Monocrystaline silicon (electrical application),ID=84625726
Mix Combined silicon (PV application),ID=84626079
Pathway Titanium Sponge Metal Production_Ilmenite Based- Pathway,ID=308411729
Pathway Titanium Ingot Production - Pathway,ID=308411864
Pathway Titanium Forged Metal Production (Virgin),ID=56199408
Pathway Titanium Powder Production - Pathway,ID=308421447
Pathway Sodium Silicate Production - Pathway,ID=308433844
Pathway Hydrogen Pentoxide Production - Pathway,ID=308434125
Pathway P2O4 Production - Pathway,ID=308442865
Pathway Praseodymium Fluoride Production - Pathway,ID=308499275
Pathway Neodymium-Praseodymium Fluoride Production - Pathway,ID=308499530
Pathway Rare Earth Oxide (REO) Production from Bastnasite/Monazite Ores - Pathway,ID=308445569
Pathway Lanthanum Production - Pathway,ID=308501021
Pathway Neodymium Production - Pathway (Source 1 in GREET Excel),ID=308500492
Pathway Gadolinium Fluoride Production - Pathway,ID=308499662
Pathway Dysprosium Fluoride Production - Pathway,ID=308499785
Pathway Rare Earth Minerals Production (Virgin),ID=30025228
Pathway Rare Earth Oxide (REO) Production from Ion Adsorption Clays - Pathway,ID=308445712
Pathway Magnet Production - Pathway,ID=277052965
Pathway Production of recycled PET via mechanical extrusion,ID=309428934
Pathway Production of recycled PET via enzymatic hydrolysis,ID=309443650
Pathway Production of 8% YSZ - Pathway,ID=309808583
Pathway Production of 3% YSZ - Pathway,ID=309808766
Pathway Production of Gadolinia-Doped Ceria - Pathway,ID=309808950
Pathway Production of Sodium Bicarbonate - Pathway,ID=309812702
Pathway Cobalt Carbonate,ID=309812805
Pathway Dichloromethane,ID=309812971
Pathway Terpineol,ID=309813084
Pathway Manganese Carbonate,ID=309813212
Pathway Isopropanol,ID=309813446
Pathway Polyethylene Glycol (PEG),ID=309814203
Pathway Glass Powder,ID=309814226
Pathway Fe-24% Cr alloy,ID=309814443
Pathway Sodium Nitrate/Sodium Chloride Mixture,ID=309814485
Pathway Ni-Cr-Fe Alloy (Alloy 600),ID=309815930
Pathway Aluminium Silicate Fiber,ID=309816077
Pathway Mylar,ID=309816220
Pathway SGL Carbon: GDL 34 BA (Non Woven),ID=309816377
Pathway Iridium Powder,ID=309816552
Pathway Pt/C Powder,ID=309816603
Pathway Ceria (CeO2) Additive,ID=309816652
Pathway Polyurethane Adhesive Powder,ID=309816848
Pathway 3% Sulfuric Acid,ID=309816884
Pathway Elastomer,ID=309817428
Pathway AGFA Zirfon Perl UTP 500,ID=309817522
Pathway Ni-Al-Mo Alloy,ID=309817717
Pathway Poly Ether Ether Ketone (PEEK),ID=309817734
Pathway 2% Hydrogen in Nitrogen,ID=309821331
Pathway Solid Oxide Electrolyzer Cell (SOEC) Stack - Total Weight,ID=309821628
Pathway Proton Exchange Membrane Electrolyzer Cell (PEMEC) Stack - Total Weight,ID=309827509
Pathway Alkaline Electrolyzer Cell (AEC) Stack - Total Weight (Stack + Waste),ID=309829717
Pathway Virgin Class I Nickel Production from Laterite Ores,ID=309839426
Mix Average Virgin Class I Nickel (Sulfide + Laterite Ores),ID=309839821
Mix Average Nickel,ID=34767979
Pathway Salt Solution,ID=309923752
Pathway Liquid Caustic Soda,ID=309923779
Pathway Liquid Caustic Ammonia,ID=309923813
Pathway Nitric Acid Solution,ID=309923838
Pathway Hydrochloric Acid Solution,ID=309923858
Pathway Hydrogen Peroxide Solution,ID=309923883
Pathway Copper Production (Laterite Ore),ID=84556301
Pathway Copper Production (Sulfidic Ore),ID=26674677
Mix Copper (Virgin Mix),ID=84556441
Pathway Copper Wire,ID=29080610
Pathway Pyrolysis Diesel from Forest Residue Pyrolysis - Integrated System,ID=19932872
Pathway N-Methyl-2-pyrrolidone Production (Battery Materials),ID=30538416
Pathway PVDF Production (Battery Materials),ID=30538119
Pathway LiPF6 Production (Battery Materials),ID=30538138
Mix Final PP Product: Combined,ID=34944716
Mix Final PET Product: Combined,ID=34879647
Mix Average Steel,ID=56718830
Pathway Glass Fiber Production,ID=29086084
Mix Engine/Powertrain coolant from ethylene glycol,ID=26658846
Pathway Battery Management System Production (Battery Materials),ID=30538244
Mix Final Average Plastic Product: Combined,ID=34947670
Pathway PAO pathway (synthetic lubricant),ID=309357104
Pathway Alcohol-To-Jet-Ethanol: Standalone SAF production,ID=120666408
Pathway Alcohol-To-Jet-Ethanol: Integrated from Cellulosic Biomass,ID=120662641
Pathway Alcohol-To-Jet-Ethanol: Integrated from Corn,ID=120659005
Pathway Sugar-To-Jet: Biological Conversion,ID=120667365
Pathway Sugar-To-Jet: Catalytic Conversion,ID=120669607
Pathway Fischer-Tropsch Jet Fuel from Biomass,ID=13774999
Pathway Soy Oil-based Sustainable Aviation Fuel (SAF) through Hydroprocessed Esters and Fatty Acids (HEFA),ID=20007870
Pathway Palm Oil-based Sustainable Aviation Fuel (SAF) through Hydroprocessed Esters and Fatty Acids (HEFA),ID=20017564
Pathway Canola Oil-based Sustainable Aviation Fuel (SAF) through Hydroprocessed Esters and Fatty Acids (HEFA),ID=20440577
Pathway Jatropha Oil-based Sustainable Aviation Fuel (SAF) through Hydroprocessed Esters and Fatty Acids (HEFA),ID=21215885
Pathway Corn Oil-based Sustainable Aviation Fuel (SAF) through Hydroprocessed Esters and Fatty Acids (HEFA),ID=88257468
Pathway Scrap-Based Wrought Non-Automotive Aluminium Extruded,ID=323388727
Pathway Scrap-Based Wrought Non-Automotive Aluminum Sheet - Cold Rolling,ID=323388856
Pathway Scrap-Based Wrought Non-Automotive Aluminum Foil - Cold Rolling ,ID=323388913
Pathway Scrap-Based Wrought Automotive Aluminum Extrusion,ID=323389004
Pathway Scrap-Based Wrought Automotive Aluminium Cold Rolling and Stamping,ID=323390262
Mix Final Average Non-Automotive Aluminum Extruded ,ID=323391284
Mix Final Average Non-Automotive Aluminum Sheet - Cold Rolling ,ID=323391394
Mix Final Average Non-Automotive Aluminum Foil - Cold Rolling,ID=323391477
Mix Final Average Automotive Aluminum Extruded,ID=323391536
Mix Final Average Automotive Aluminum Sheet (Cold Rolling & Stamping),ID=323391627
Pathway Virgin Steel Production,ID=55950577
Pathway Central Plants: Compressed G.H2 production from Renewable Natural Gas,ID=286544247
Pathway Refueling Stations: Compressed G.H2 from Renewable Natural Gas (w/o CO2 sequestration),ID=317993330
Pathway Central Plants: Compressed G.H2 production from Autothermal Reforming of Natural Gas,ID=318006923
Pathway Central Plants: Compressed G.H2 production from Autothermal Reforming of Renewable Natural Gas,ID=318007004
Pathway Animal Waste Anaerobic Digestion to Natural Gas as an Intermediate Fuel,ID=8329287
Pathway Animal Waste to CNG (On-site Refueling),ID=8351581
Pathway Animal Waste to LNG,ID=8353922
Pathway Wastewater Sludge to Natural Gas as an Intermediate Fuel,ID=11284469
Pathway Wastewater Sludge to CNG (On-site Refueling),ID=11292105
Pathway Wastewater Sludge to LNG,ID=11362094
Pathway Food Waste to Natural Gas as an Intermediate Fuel,ID=119623868
Pathway Food Waste to CNG (On-site Refueling),ID=119628437
Pathway Food Waste to LNG,ID=119628932
Pathway Central Plants: Compressed G.H2 production from Methane pyrolysis (Using NA NG),ID=334560310
Pathway Central Plants: Compressed G.H2 production from Methane pyrolysis (Using RNG),ID=334561679
Pathway Coal Mine Methane Capture and Upgrading,ID=335115893
Mix Distributed - Electricity Mix for Sulfidic Nickel Mining and Beneficiation,ID=86349808
Mix Distributed - Electricity Mix for Lateritic Nickel Mining and Beneficiation,ID=334947923
Mix Distributed - Electricity Mix for Nickel Smelting and Refining,ID=86349962
Pathway Distributed - Nuclear Power Generation,ID=298134132
Pathway Distributed - Netherlands Electricity mix,ID=335616889
Pathway Distributed - Uzbekistan Electricity mix,ID=335616860
Pathway Distributed - UK Electricity mix,ID=335616826
Pathway Avoided BAU (conventional manure management),ID=278630617
Pathway Compressed Methane as Byproduct from NGL Cracker plants - Scenario B,ID=309973236
Pathway Landfill Gas to FT Diesel via Tri-Reforming and Fischer-Tropsch Synthesis,ID=335618946
Pathway Yeast,ID=20102033
Pathway Liquefied Petroleum Gas from Natural Gas,ID=20
Pathway Landfill Gas to NG as an Intermediate Fuel,ID=150000
Pathway Landfill Gas to CNG (Off-Site Refueling),ID=18796478
Pathway Landfill Gas to CNG (On-Site Refueling),ID=21473894
Pathway Landfill Gas to LNG,ID=120760780
Pathway Animal Waste to CNG (Off-site Refueling),ID=8346094
Pathway Wastewater Sludge to CNG (Off-site Refueling),ID=11288674
Pathway Food Waste to CNG (Off-site Refueling),ID=119628277
Pathway Production of fossil-based Isoprene,ID=335704364
Pathway Production of Fossil-based Lactic Acid,ID=335706812
Pathway Production of Fossil-based Maleic Anhydride,ID=335707662
Pathway Production of Fossil-based Succinic Acid,ID=335708413
Pathway Production of Fossil-based Fatty Alcohol,ID=335710007
Pathway Production of Bio-based 5-hydroxymethylfurfural (HMF),ID=335713413
Pathway Production of Bio-based 2,ID=335714093
Pathway Production of Bio-based Furfural,ID=335714518
Pathway Production of Bio-based palm-based fatty alcohol,ID=336046864
Pathway Production of Bio-based p-Xylene,ID=335716302
Pathway Production of Bio-based 1,ID=335717663
Pathway Production of Bio-based Itaconic acid,ID=335718582
Pathway Production of Bio-based Isoprene,ID=335718943
Pathway Production of Corn Cob,ID=335715084
Pathway Refined palm oil production (PFAD as byproduct),ID=336043767
Pathway Pulp log to hardwood chips,ID=336061440
Pathway Ni-MH (Battery Assembly),ID=69510149
Pathway LDV - Car - 300-mile EV - Lithium-ion Battery Bill-of-material for NMC111,ID=69510586
Pathway LDV - Cars - FCV - Lithium-ion Battery Bill-of-material for NMC111,ID=308843740
Pathway LDV - Cars - HEV - Lithium-ion Battery Bill-of-material for NMC111,ID=69511030
Pathway LDV - Cars - 50-mile PHEV - Lithium-ion Battery Bill-of-material for NMC111,ID=69950711
Pathway MHDV: Combination Long-Haul Truck - Grid-Independent Hybrid (Diesel) - Lithium-Ion Battery - Bill-of-Material - Pathway,ID=277250723
Pathway MHDV: Combination Long-Haul Truck - Electric - Lithium-Ion Battery - Bill-of-Material - Pathway,ID=277250314
Pathway MHDV: Combination Long-Haul Truck - Fuel-Cell G.H2 - Lithium-Ion Battery - Bill-of-Material - Pathway,ID=277251009
Pathway 2.5 kW inverter,ID=286977447
Pathway  Inverter installation (commercial/utility scale),ID=295627845
Pathway Electricity from small-size Single-Si PV system (residentiall,ID=286991859
Pathway Electricity from small-size multi-Si PV system (residentiall,ID=287074953
Pathway Transmission System/Gearbox (ICEV) Passenger Cars Type 1: Conventional Material,ID=66408706
Pathway Passenger Cars Type 1 Chassis (w/o battery) (HEV,ID=66408898
Pathway Passenger Cars Type 1 Vehicle Body (ICEV): Lightweight Material,ID=66408532
Pathway Powertrain System (ICEV) Passenger Cars Type 1: Lightweight Material,ID=66408582
Pathway Passenger Cars Type 1 Chassis (w/o battery) (ICEV): Lightweight Material,ID=66408836
Pathway Powertrain System (HEV) Passenger Cars Type 1: Conventional Material,ID=67169399
Pathway Transmission System/Gearbox (HEV,ID=67620608
Pathway Passenger Cars Type 1 Vehicle Body (HEV): Lightweight Material,ID=67169326
Pathway Powertrain System (HEV) Passenger Cars Type 1: Lightweightl Material,ID=67169473
Pathway Passenger Cars Type 1 Chassis (w/o battery) (HEV): Lightweight Material,ID=67169682
Pathway Powertrain System (PHEV) Passenger Cars Type 1: Conventional Material,ID=67184801
Pathway Passenger Cars Type 1 Vehicle Body (PHEV): Lightweight Material,ID=67184527
Pathway Powertrain System (PHEV) Passenger Cars Type 1: Lightweightl Material,ID=67184837
Pathway Passenger Cars Type 1 Chassis (w/o battery) (PHEV): Lightweight Material,ID=67184598
Pathway Powertrain System (EV) Passenger Cars Type 1: Conventional Material,ID=67517442
Pathway Passenger Cars Type 1 Vehicle Body (EV): Lightweight Material,ID=67515566
Pathway Powertrain System (EV) Passenger Cars Type 1: Lightweightl Material,ID=67517497
Pathway Passenger Cars Type 1 Chassis (w/o battery) (EV): Lightweight Material,ID=67515681
Pathway Fuel Cell Onboard Storage (FCV),ID=67538391
Pathway Powertrain System (FCV) Passenger Cars Type 1: Conventional Material,ID=67537686
Pathway Passenger Cars Type 1 Vehicle Body (FCV): Lightweight Material,ID=67537455
Pathway Powertrain System (FCV) Passenger Cars Type 1: Lightweight Material,ID=120327979
Pathway Passenger Cars Type 1 Chassis (w/o battery) (FCV): Lightweight Material,ID=67537557
Pathway DDGS Production from Corn,ID=239994059
Pathway Alfalfa Meal (Dry Matter),ID=336321533
Pathway Production of hardwood (mix),ID=335540317
Pathway Production of dissolving pulp,ID=335374084
Pathway Production of Viscose Fiber,ID=335974957
Pathway Forward osmosis (FO) membrane system,ID=335464490
Pathway Production of Carbon Disulfide (CS2),ID=335970953
Pathway Production of Zinc Sulfate (ZnSO4),ID=335971754
Pathway ABS with Injection Molding,ID=336067024
Pathway Polystyrene with Calendering,ID=336068164
Pathway Milk Production and Transportation to Cheese Factory,ID=336221455
Pathway Cream Production and Transportation to Cheese Factory,ID=336222932
Pathway Whey Protein Concentrate (60% Protein Content) Production,ID=336224944
Pathway Soybean Protein Concentrate Production (62% Protein Content,ID=336559313
Pathway Soybean Protein Concentrate Production (62% Protein Content,ID=336559137
Pathway Alfalfa Feed for Mature Cows (Dry Matter),ID=336146761
Pathway Alfalfa Feed for Immature Cows (Dry Matter),ID=336150108
Pathway Corn Silage (Dry Matter),ID=336151450
Pathway Cotton Feed (Dry Matter),ID=336152438
Mix For Corn,ID=10600
Mix For Soybeans,ID=10606
Mix For Sorghum,ID=20107981
Mix Nitrogen Average,ID=10400
Pathway Herbicide Mix for Sugarcane ,ID=339799909
Mix Brazil Nitrogen Average,ID=9720889
Mix Brazil P2O5 Average,ID=340984716
Pathway Potassium Oxide Production in Brazil,ID=120721930
Pathway Calcium Carbonate (Limestone; CaCO3) as fertilizer products or intermediate fertilizer inputs in Brazil,ID=120721649
Pathway Production of Ni/Al2O3 catalyst,ID=339764805
Pathway Steam Production from NG for SNG Plant,ID=339775792
Pathway Synthetic Natural Gas Production as Stationary Fuels,ID=339767115
Pathway PUP-derived pyrolysis oil as intermediate product with purification,ID=338548254
Pathway PUP-derived High-density polyethylene (HDPE) (Steam cracker's perspective),ID=339958614
Pathway PUP-derived Low-density polyethylene (LDPE) (Steam cracker's perspective),ID=340190019
Pathway Iridium Production in South Africa (Mass allocation),ID=340287119
Pathway Polyolefin Elastomer,ID=340288699
Pathway Chlorosulfonated Polyethylene,ID=340289073
Pathway Aqueous Sodium Thiosulfate (Na2S2O3,ID=340289506
Pathway Aqueous Sodium Oxychloride (NaOCl,ID=340289726
Pathway Aromatic Polyamide,ID=340290220
Pathway SiC/C ,ID=340290488
Pathway RHW,ID=340290861
Pathway Aqueous Hydrochloric Acid (50 wt.%),ID=340290966
Pathway Aqueous Potassium Hydroxide (50 wt.%),ID=340291041
Pathway Aqueous Sodium Hydroxide (50 wt.%),ID=340291965
Pathway Silicon Carbide (SiC),ID=340291233
Pathway Cu-Cr alloy,ID=340292111
Pathway Mo-Mn-Ni Plated Alumina,ID=340292294
Pathway Polysulfone,ID=340292398
Pathway Porcelain,ID=340292514
Pathway Pt/Al2O3 catalyst (Electrolyzer),ID=340292809
Pathway Reinforced Concrete,ID=340293225
Pathway Tin Production - Pathway,ID=277051335
Pathway Tricot,ID=340293306
Pathway Solid Oxide Electrolyzer Cell (SOEC) - Balance-of-Plant (BOP),ID=340304288
Pathway Proton Exchange Membrane Electrolyzer Cell (PEMEC) - Balance-of-Plant (BOP) Components ,ID=340306414
Pathway Alkaline Electrolyzer Cell (AEC) - Balance-of-Plant (BOP) Components ,ID=340308400
Pathway Production of NMC(95),ID=339971745
Pathway Production of ammonium hydroxide,ID=56321646
Pathway Production of Nickel Nitrate,ID=55006531
Pathway Production of lithium manganese oxide with Average Li2CO3,ID=56795028
Pathway Avoided BAU (conventional food waste management),ID=278678948
Pathway Natural Gas to Methanol and Hydrogen as a coproduct,ID=339680886
Pathway RNG to Methanol and Hydrogen as a coproduct,ID=341173825
Pathway Ammonia Fuel  from Natural Gas,ID=340975461
Pathway RNG to Ammonia Fuel,ID=341415476
Pathway Ammonia from H2 from Coal Gasification w/ CCS,ID=340975231
Pathway Ammonia from H2 from Poplar Gasification,ID=340975271
Pathway Ammonia from H2 from PEM Electrolysis,ID=340975337
Pathway Aqueous Organophosphates and Surfactants (20 wt.%),ID=340290131
Pathway Polystyrene-Divinylbenzene,ID=340290739
Mix Natural Gas and Flare Gas (Transportation),ID=4100
Mix For Winter Wheat,ID=373110605
Mix For Spring Wheat,ID=373111066
Pathway Renewable Diesel II from Canola,ID=373219458
Pathway Biodiesel Production from Canola,ID=373215766
Pathway Distributed - CA Mix,ID=59745190
Pathway Composting of food waste,ID=340192946
Pathway Incineration of MSW,ID=374423208
Pathway Landfilling of MSW,ID=374424852
Pathway Nuclear Powerplant Decommissioning,ID=374441928
Pathway Spent Fuel Management,ID=374442108
Pathway Dry Cask construction,ID=339635994
Pathway Bleaching earth production,ID=374880924
Pathway Soyoil from Soybeans (for other uses) with soybean meal mass allocation,ID=84018178
Pathway Soybean-Based Renewable Gasoline (adhoc),ID=95005481
Pathway Biodiesel Production from Winter Camelina,ID=374754790
Pathway Biodiesel Production from Winter Carinata,ID=374755222
Pathway Biodiesel Production from Winter Pennycress,ID=374755552
Pathway Renewable Diesel II from Winter Camelina,ID=374755779
Pathway Renewable Diesel II from Winter Carinata,ID=374760443
Pathway Renewable Diesel II from Winter Pennycress,ID=374760470
Pathway Winter Camelina Oil-based Sustainable Aviation Fuel (SAF) through Hydroprocessed Esters and Fatty Acids (HEFA),ID=374776667
Pathway Winter Carinata Oil-based Sustainable Aviation Fuel (SAF) through Hydroprocessed Esters and Fatty Acids (HEFA),ID=374776913
Pathway Winter Pennycress Oil-based Sustainable Aviation Fuel (SAF) through Hydroprocessed Esters and Fatty Acids (HEFA),ID=374777161
Pathway Winter Pennycress Production,ID=374689879
Pathway Methanol from Biomass (Woody and/or Cellulosic),ID=86
Pathway Avoided BAU (conventional wastewater sludge management),ID=278675310
Pathway Distributed - eGRID AKGD Mix,ID=376658074
Pathway Distributed - eGRID AKMS Mix,ID=376658112
Pathway Distributed - eGRID AZNM Mix,ID=376658148
Pathway Distributed - eGRID CAMX Mix,ID=376658171
Pathway Distributed - eGRID ERCT Mix,ID=376658204
Pathway Distributed - eGRID FRCC Mix,ID=376658228
Pathway Distributed - eGRID HIMS Mix,ID=376658250
Pathway Distributed - eGRID HIOA Mix,ID=376658270
Pathway Distributed - eGRID MROE Mix,ID=376658299
Pathway Distributed - eGRID MROW Mix,ID=376658319
Pathway Distributed - eGRID NEWE Mix,ID=376658410
Pathway Distributed - eGRID NWPP Mix,ID=376658439
Pathway Distributed - eGRID NYCW Mix,ID=376658464
Pathway Distributed - eGRID NYLI Mix,ID=376658486
Pathway Distributed - eGRID NYUP Mix,ID=376658505
Pathway Distributed - eGRID PRMS Mix,ID=376658526
Pathway Distributed - eGRID RFCE Mix,ID=376658549
Pathway Distributed - eGRID RFCM Mix,ID=376658565
Pathway Distributed - eGRID RFCW Mix,ID=376658583
Pathway Distributed - eGRID RMPA Mix,ID=376658606
Pathway Distributed - eGRID SPNO Mix,ID=376658628
Pathway Distributed - eGRID SPSO Mix,ID=376658646
Pathway Distributed - eGRID SRMV Mix,ID=376658668
Pathway Distributed - eGRID SRMW Mix,ID=376658688
Pathway Distributed - eGRID SRSO Mix,ID=376658707
Pathway Distributed - eGRID SRTV Mix,ID=376658723
Pathway Distributed - eGRID SRVC Mix,ID=376658744
Pathway Ethylene byproduct from cracker plants - Scenario A,ID=245862376
Pathway Ethylene byproduct from cracker plants - Scenario B,ID=245938936
Pathway PUP-derived ethylene byproduct from steam cracking - Scenario A,ID=339870834
Pathway PUP-derived ethylene byproduct from steam cracking - Scenario B,ID=339949754
Pathway Propylene byproduct from cracker plants - Scenario A,ID=245925341
Pathway Propylene byproduct from cracker plants - Scenario B,ID=245933945
Pathway PUP-derived propylene byproduct from steam cracking - Scenario A,ID=340184134
Pathway PUP-derived propylene byproduct from steam cracking - Scenario B,ID=340188411
Pathway Benzene byproduct from cracker plants - Scenario A,ID=245953783
Pathway Benzene byproduct from cracker plants - Scenario B,ID=245939850
Pathway Pyrolysis Gasoline byproduct from cracker plants - Scenario A,ID=271949046
Pathway Pyrolysis Gasoline byproduct from cracker plants - Scenario B,ID=271956593
Pathway LDV - Cars - HEV - Lithium-ion Battery Bill-of-material for NMC622,ID=340311088
Pathway LDV - Cars - 50-mile PHEV - Lithium-ion Battery Bill-of-material for NMC622,ID=340311495
Pathway LDV - Car - 300-mile EV - Lithium-ion Battery Bill-of-material for NMC622,ID=340311997
Pathway LDV - Cars - FCV - Lithium-ion Battery Bill-of-material for NMC622,ID=340312493
Pathway Ethanol Production from Sugarcane and used in Brazil,ID=372071461
Pathway Distributed - Electricity from NGCC with CCS (integrated design),ID=151161801
Pathway Rutile extraction,ID=406126689
Pathway Titanium tetrachloride production,ID=406132137
Pathway Strontium hydroxide octahydrate production,ID=406134452
Pathway Dodecane production,ID=406135303
Pathway Pt/STO catalyst production,ID=406136967
Pathway Winter Camelina Production,ID=374685092
Pathway Winter Canola Production,ID=406417617
Pathway Biodiesel Production from Winter Canola,ID=406460883
Pathway Renewable Diesel II from Winter Canola,ID=406461587
Pathway Winter Canola Oil-based Sustainable Aviation Fuel (SAF) through Hydroprocessed Esters and Fatty Acids (HEFA),ID=406462018
Pathway Ethanol Production from Corn- Wet Milling Corn Ethanol,ID=78077388
Pathway Calcined Pet Coke US,ID=407611835
Pathway Graphite Crucible (Wang et al.),ID=407616124
Pathway Passenger Cars Type 1 Vehicle Body (ICEV): Conventional Material,ID=407632103
Pathway Passenger Cars Type 1 Chassis (w/o battery) (ICEV): Conventional Material,ID=407676219
Pathway Transmission System/Gearbox (HEV,ID=407642863
Pathway Passenger Cars Type 1 Vehicle Body (EV): Conventional Material,ID=407632109
Pathway Transmission System/Gearbox (EV) Passenger Cars Type 1: Conventional Material,ID=407642889
Pathway Passenger Cars Type 1 Chassis (w/o battery) (EV): Conventional Material,ID=407676224
Pathway Titanium Sponge Metal Production_Natural Rutile Based- Pathway,ID=408016625
Pathway Titanium Dioxide Production Pathway,ID=408024384
